,https://VolebniKalkulacka.cz,,,20,5,18,17,4,13,12,8,1,7,9,16,11,22,19,15,21,6,10,14,2,3,
,,,,ANO 2011,Česká strana sociálně demokratická,Komunistická strana Čech a Moravy,Piráti a Starostové,Svoboda a přímá demokracie,"SPOLU - ODS, KDU-ČSL, TOP 09",Přísaha - občanské hnutí Roberta Šlachty,Trikolora Svobodní Soukromníci,Strana zelených,Aliance národních sil,Aliance pro budoucnost,Koruna Česká (monarchistická strana),Levice,Moravané,Moravské zemské hnutí,Urza.cz: Nechceme vaše hlasy,Otevřeme Česko normálnímu životu,Volte Pravý Blok www.cibulka.net,Hnutí Prameny,Senioři 21,Švýcarská demokracie,Volný blok,
,jméno otázky,otázka,popis,ANO 2011,ČSSD,KSČM,Piráti a STAN,SPD,Spolu,Přísaha,Trikolóra SS,Zelení,ANS,APB,Koruna Česká,Levice,Moravané,MZH,Nevolte Urza.cz,Otevř. Česko,PB,Prameny,Senioři 21,Švýc.dem.,Volný blok,
1,Zdanění prázdných bytů,Dlouhodobě prázdné byty by měly být více zdaněné.,,Ne,Ano,Ano,Ne,Ne,Ne,Ne,Ne,Ano,Ano,Ne,Ano,Ano,Ano,Ano,Ne,Ne,,Ano,Ano,Ne,Ne,
2,Rozvolnení podmínek výstavby bydlení,Zákonné podmínky pro výstavbu bydlení by se měly rozvolnit.,,Ano,Ano,Ne,Ano,Ano,Ano,Ano,Ano,Ano,Ne,Ano,Ano,Ne,Ano,Ano,Ano,Ano,,Ano,Ne,Ano,Ano,
3,Regulace nájemného v bytech,ČR by měla regulovat ceny nájemného u bytů.,"Regulace nájemného byla v ČR do roku 2012. V současnosti je výše nájemného tržní. Např. V Německu nebo  Rakousku různé formy regulovaných nájmů existují. Regulace nájemného vychází z toho, že bydlení je pro lidi nutné a musí být finančně únosné. Naopak neregulace upřednostňuje právo majitele volně nakládat se svým majetkem.",Ne,Ano,Ano,Ne,Ne,Ne,Ne,Ne,Ne,Ano,Ne,Ne,Ano,Ano,Ne,Ne,Ne,,Ne,Ano,Ne,Ne,
4,Nájemce dle etnicity,Majitel bytu by měl mít legální možnost si vybrat nájemce podle etnicity.,"Dnes je v ČR zakázáno rozhodovat o pronájmu bytu na základě národnosti či etnicity nebo pohlaví a víry. Výzkumy ale ukazují, že pokud majitel např. dle jména odhadne, že zájemce je Rom, obvykle jej již nepozve ani na prohlídku, na rozdíl od zájemce z české majority. Porušuje tím antidiskriminační zákon. Jeho prolomení by podle kritiků diskriminace znamenalo nebezpečí opětovné zavádění diskriminace různých skupin lidí.",Ne,Ne,Ne,Ne,Ne,Ne,Ne,Ano,Ne,Ano,Ne,Ne,Ne,-,Ne,Ano,Ano,,Ne,Ano,-,Ano,
5,Max. cena - prodej bytů,ČR by měla zavést maximální cenu za metr čtvereční při prodeji bytů.,,Ne,Ne,Ano,Ne,Ne,Ne,Ne,Ne,Ne,Ano,Ne,Ne,Ano,Ano,Ne,Ne,Ne,,Ne,Ano,Ne,Ne,
6,Testy na covid hrazené z pojištění,Preventivní testy na covid-19 mají nadále být placeny z veřejných peněz.,"Preventivní testy na covid-19 mají občané hrazené zdravotními pojišťovnami. Vláda v srpnu 2021 schválila, že by od 1. září byly hrazené jen dětem do 12 let a lidem, kteří se ze zdravotních důvodů nemohou nechat očkovat. Toto své rozhodnutí následně zrušila.",Ano,Ano,Ano,Ano,Ano,Ano,Ano,Ano,Ne,Ano,Ne,-,Ano,Ano,Ano,Ne,Ano,,Ano,Ne,-,Ano,
7,Testy na covid hrazené z rozpočtu,Bezplatné testy na covid-19 by se měly být hrazeny alespoň částečně ze státního rozpočtu.,"V současnosti jsou bezplatné testy na covid-19 hrazeny ze zdravotního pojištění, což klade vyšší nároky na zdravotní pojišťovny. Např. v Rakousku se na těchto platbách podílejí i veřejné rozpočty.",Ano,Ne,Ano,Ano,Ano,Ne,-,Ne,-,Ano,Ne,Ano,Ano,-,Ano,Ne,Ne,,Ano,Ano,-,Ano,
8,Policie přísnější u covidových opatřeních,Policie by se měla přísněji zaměřit na porušování opatření proti šíření viru covid-19.,"Mezi taková opatření např. patřila nebo patří nošení respirátorů, povinné testování na covid-19 nebo nařízená karanténa.",Ano,Ano,Ne,Ne,Ne,Ne,Ne,Ne,-,Ne,Ne,Ne,Ano,Ne,Ne,Ne,Ne,,Ne,Ne,Ne,Ne,
9,Povinné očkování proti covid-19,Vláda má mít možnost nařídit některým profesím povinné očkování proti covid-19.,Např. v Maďarsku nebo ve Francii jsou aktuálně povinně očkovaní proti covid-19 zdravotníci.,Ne,Ne,Ne,Ne,Ne,Ne,Ne,Ne,-,Ne,Ne,Ne,Ano,Ne,Ano,Ne,Ne,,Ne,Ne,Ne,Ne,
10,Celostátní referendum,Měla by se uzákonit možnost celostátního referenda vypisovaného na základě petice.,"V ČR je možné vyhlásit celostátní referendum pouze tehdy, pokud o něm rozhodne Parlament. Např. na Slovensku je to možné po shromáždění 350 000 podpisů, v „referendovém“ Švýcarsku je třeba 50 000 podpisů.",Ano,Ano,Ano,Ano,Ano,Ne,Ano,Ne,Ano,Ano,Ano,Ne,Ano,Ano,Ne,Ano,Ano,,Ano,Ano,Ano,Ano,
11,Registr lobbistů,Měl by vzniknout registr lobbistů.,"Registr lobbistů by obsahoval seznam lobbistů, kteří ovlivňují vznik konkrétních zákonů. Takové zákony existují ze sousedních zemí v Rakousku a Polsku.",Ano,Ano,Ano,Ano,Ne,Ne,Ano,Ne,Ano,Ano,Ano,-,Ano,Ano,Ano,Ano,Ano,,Ne,-,-,Ano,
12,Návrh zákona - petice,Občané by měli mít možnost předložit návrh zákona pomocí petice.,"V ČR mají zákonodárnou iniciativu pouze poslanci, vláda, senát a zastupitelstva krajů.",Ano,Ano,Ano,Ano,Ne,Ne,Ano,Ne,Ano,Ano,-,Ne,Ano,Ano,Ne,Ne,Ano,,Ano,Ne,Ano,Ano,
13,Dálnice - vyvlastnění pozemků,Stavět dálnice a hlavní silnice má být možné i za cenu vyvlastnění majitelů daných pozemků.,"Dnes je v ČR možné vyvlastnit pozemky pro stavbu dálnic nebo hlavních silnic i přes nesouhlas majitelů, kteří poté za pozemek dostanou zaplaceno (dle tzv. Liniového zákona).",Ano,Ano,Ano,Ano,Ano,Ano,Ano,Ano,Ne,Ano,Ne,Ano,Ano,Ano,Ano,Ne,Ne,,Ano,Ano,Ano,Ne,
14,Rychlovlaky priorita,Výstavba infrastruktury pro rychlovlaky má být upřednostňována oproti výstavbě další dopravní infrastuktury.,,Ne,Ano,Ano,Ano,Ano,Ne,-,Ne,Ano,Ano,Ne,Ano,Ano,Ne,Ano,Ne,Ne,,Ne,Ne,Ne,Ne,
15,Zvýšení věku odchodu do důchodu,Věk odchodu do důchodu by se měl nadále zvyšovat.,V současnosti je v ČR standardní věk odchodu do důchodu více než 64 let a postupně se zvyšuje na cílových 65 let.,Ne,Ne,Ne,Ne,Ne,Ne,Ne,Ne,Ne,Ne,-,-,Ne,Ne,Ne,-,Ne,,Ne,Ne,-,Ne,
16,Nové přehrady,ČR by měla stavět více nových přehrad.,"Vláda loni sestavila seznam více než 100 lokalit v ČR, kde by v budoucnu mohly vzniknout přehrady pro zadržování dešťové vody. Hladina a objemy podzemních vod setrvale klesají, nerovnoměrné srážky a málo sněhu v mírných zimách je nestačí doplnit. Odpůrci namítají, že vysychají i mnohé stávající přehrady a že jejich výstavba je součástí problémů se suchem. Obří stavby pak podle nich nahrávají velkým stavebním firmám a tzv. betonářské lobby.",Ano,Ano,-,Ne,Ano,Ne,Ano,Ano,Ne,Ne,Ano,Ne,Ne,-,Ne,Ne,Ano,,Ne,-,Ano,Ano,
17,Zachování biosložek do paliv,Povinné přidávání biosložek do paliv by mělo být i nadále zachováno.,"Dodavatelé pohonných hmot musejí nyní přimíchávat povinně alespoň 4,1 procenta biosložky do benzinu a šest procent do nafty. Cílem je snížit emise skleníkových plynů v dopravě, kritici však poukazují na to, že biosložky první generace v palivu ke snižování emisí nevedou, naopak je zvyšují. Zrušení této povinnosti by zasáhlo firmy vyrábějící biopaliva a navazující zpracovatele vedlejších produktů. V ČR je nejvějším dodavatelem biosložek první generace koncern Agrofert.",Ano,Ne,Ne,Ne,Ne,Ne,Ne,Ne,Ne,Ne,Ne,Ne,Ne,Ne,Ne,Ne,Ne,,Ne,Ne,Ne,Ne,
18,Fit for 55,"ČR by měla podporovat program snížení emisí skleníkových plynů ""Fit for 55"".","Fit for 55 je návrh snížit v zemích EU do roku 2030 emise skleníkových plynů o 55 % oproti roku 1990. Návrh počítá mj. s tím, že pravděpodobně dojde ke zdražení emisních povolenek, zisk by měl jít naopak ve velké míře do fondu na kompenzace případných zvýšených nákladů pro sociálně slabší občany.",Ano,Ano,-,Ano,Ne,Ne,Ne,Ne,Ano,Ne,-,-,Ano,Ne,Ano,Ne,Ne,,Ne,Ne,Ne,Ne,
19,Zálohované PETky a plechovky,Měly by být PET lahve a nápojové plechovky zálohované podobně jako nyní skleněné pivní lahve?,"PET láhve a nápojové plechovky jsou zálohované např. v Německu či Chorvatsku a chystá se spuštění na Slovensku. Plošné zálohování poslanci loni zamítli z obav, že by stát musel nahrazovat zmařené investice do linek na zpracování PET lahví. Podle odpůrců je zálohování zbytečné, protože se v ČR vytřídí osm z deseti plastových lahví. Zastánci zálohování poukazují na to, že vytříděný odpad se často nerecykluje, ale končí ve spalovnách, čímž se zatěžuje životní prostředí.",Ano,Ano,Ano,Ano,-,-,Ano,Ne,Ano,Ano,Ano,Ano,Ano,Ne,-,-,Ano,,Ano,Ne,Ne,Ano,
20,Podpora pouze ekologického zemědělství,ČR by měla v budoucnu podporovat pouze ekologické zemědělství.,,Ne,Ne,-,Ne,Ne,Ano,Ne,Ne,Ne,Ano,Ano,Ne,Ano,Ne,Ano,Ne,Ne,,Ano,Ano,Ne,Ne,
21,Objem daně z nemovitosti,Objem daně z nemovitosti v celkovém balíku vybraných daní by se měl zvýšit.,"Jde o strukturu vybraných daní, ne o jejich celkovou výši. Daň z nemovitostí je největší majetková daň v ČR, představuje zhruba 1,5 % objemu vybraných daní v ČR. Nejvíce se dnes vybere na DPH (zhruba 50 %) a dani z příjmů zaměstnanců (zhruba 25 %).",Ne,Ano,Ne,Ano,Ne,Ne,Ne,Ne,Ano,Ne,Ne,Ano,Ano,Ne,Ano,Ne,Ne,,Ne,Ne,Ne,Ne,
22,Zrušení EET,Projekt elektronické evidence tržeb (EET) by se měl zcela zrušit.,"Elektronická evidence tržeb je systém, kdy každý, kdo v ČR prodává za hotové nebo platební kartou, musí informace o každé přijaté platbě okamžitě zaslat přes internet finančnímu úřadu. V současné době je systém pozastaven do konce roku 2022.",Ne,Ne,Ne,-,Ano,Ano,Ne,Ano,Ano,Ano,-,-,Ne,Ano,-,Ano,Ano,,Ano,Ne,Ano,Ano,
23,Daň z digitálních služeb,Google nebo Facebook by měly platit speciální daň ze všech příjmů v ČR.,"Aktuálně je v parlamentu návrh zákona o dani z digitálních služeb, který pro velké internetové firmy zavádí novou daň ze všech přijmů v ČR. Je možné, že se do konce volebního období zákon nestihne finálně projednat a nová sněmovna tak bude muset příp. začít jej projednávat znovu. Zastánci argumentují nízkými až nulovými daněmi, které tyto velké firmy v ČR platí. Např. v Rakouskou, Velké Británii a Turecku, které zavedly obdobnou daň, Google odpovídajícím způsobem zvedl ceny objednavatelům reklamy. ",Ano,Ano,Ano,Ano,Ano,Ne,Ano,Ano,Ano,Ano,Ano,Ano,Ano,Ano,Ano,Ne,Ano,,Ano,Ano,Ano,Ano,
24,Vláda - ceny za mobilní internet,"Vláda by měla zařídit, aby veřejnost neměla horší ceny za mobilní internet než státní instituce.","Dnes je běžné, že zaměstnanci velkých státních institucí jako jsou ministerstva mají výrazně levnější telefonní tarify (i pro soukromé účely) než jaké jsou k dispozi veřejnosti. Např. zaměstnanci Ministerstva financí ČR mají neomezené volání za 54 Kč a neomezená data za 182 Kč měsíčně. Obdobný tarif pro veřejnost od stejné firmy stojí více jak 1100 Kč měsíčně.",Ano,Ano,Ano,-,Ne,Ne,Ano,Ne,-,Ano,-,Ne,Ano,Ano,-,Ne,Ne,,Ano,Ano,Ne,-,
25,Privatizace Budvaru,Národní podnik Budějovický Budvar by měl být privatizován.,,Ne,Ne,Ne,Ne,Ne,Ne,Ne,Ano,Ne,Ne,Ne,Ano,Ne,Ne,Ano,Ano,Ne,,Ne,Ne,Ne,Ne,
26,Privatizace Thermalu,"Hotel Thermal v Karlových Varech, který je dnes státní, by měl být privatizován.",,Ne,Ne,Ne,-,-,-,-,Ano,-,Ne,Ano,Ano,Ne,Ne,Ano,Ano,Ano,,Ne,Ano,Ne,Ano,
27,Daňová progrese zaměstnanců,Měla by se zvýšit daňová progrese daně z příjmů u lidí (tj. vyšší sazba daně pro vyšší příjmy).,"V ČR existuje „jednotná daň z příjmu 15 %“. Díky slevě na poplatníka a tzv. solidární dani pro nejvíce vydělávající ovšem jde ve skutečnosti o daň mírně progresivní. Podle zastánců je tato „rovná daň“ spravedlivější, odpůrci naopak považují za spravedlivější progresivnější zdanění. V Německu je zdanění progresivnější než v ČR, na Slovensku je progrese podobná jako v ČR.",Ne,Ano,Ano,Ne,Ne,Ne,Ne,Ne,Ano,Ano,Ne,Ne,Ano,Ano,-,Ne,Ne,,Ne,Ano,Ne,Ne,
28,Vyrovnaný rozpočet do 4 let,ČR by měla do 4 let hospodařit s vyrovnaným rozpočtem.,"ČR se začala rychle zadlužovat v roce 2020, kdy skončil státní rozpočet s deficitem zhruba 370 miliard Kč. Na rok 2021 je plánován deficit 230 miliard. Na nejbližší roky ministryně financí nelpánuje snižování deficitu státního rozpočtu.",Ne,Ano,Ne,Ano,Ano,Ano,Ano,Ano,Ne,Ano,Ano,Ano,Ne,Ano,Ano,Ano,Ano,,Ano,Ano,Ano,Ano,
29,Zvýšení daně na alkohol,Spotřební daň na alkohol by se měla zvýšit.,"Spotřební daň na alkohol je 322 Kč/litr čistého lihu, tedy např. 64 Kč za půllitrovou láhev rumu.",Ano,Ne,-,Ano,Ne,Ne,Ne,Ne,-,Ano,Ne,Ne,Ano,Ano,Ano,Ne,Ne,,Ano,Ano,Ne,Ne,
30,Snížení DPH u bytové výstavby,Měla by se snížit DPH u bytové výstavby.,"V současnosti se platí z nových bytů 15 % DPH, u větších bytů potom 21 %. Nejnižší sazba DPH v ČR je dnes 10 %.",Ano,Ano,Ano,Ne,Ano,Ano,Ne,Ano,Ano,Ano,-,Ano,Ano,Ano,Ano,Ano,Ano,,Ano,-,Ano,Ne,
31,Konec těžby a spalování uhlí před 2038,Česká republika by měla ukončit těžbu a spalování uhlí v hnědouhelných elektrárnách dříve než v roce 2038.,"Uhelná komise vlády letos doporučila ukončit těžbu a spalování hnědého uhlí pro energetické účely v roce 2038, což vedlo mj. k odchodu několika členů této komise, kteří preferovali alternativní návrh roku 2033. Z okolních zemí Německo stanovilo termín na rok 2038, Slovensko na rok 2023, Rakousko již skončilo v roce 2020 a Polsko o něm naopak ani nejedná.",Ano,Ano,Ne,Ano,Ne,-,Ne,Ne,Ano,Ne,Ne,Ne,Ano,Ne,Ano,Ne,Ne,,Ne,Ne,Ne,Ne,
32,Státní podpora Dukovan,Stát by měl finančně podpořit výstavbu a provoz nového jaderného reaktoru v Dukovanech.,"Podle plánu vlády bude stát financovat dostavbu elektrárny Dukovany půjčkou přes 100 miliard Kč. Zbytek financí by měl dodat majitel, tj. firma ČEZ s většinovou státní účastí. Vládní odhad ceny je kolem 150 miliard, kritici ale odhadují, že se dostavba mnohonásobně prodraží stejně jako u jiných nejnovějších atomových elektráren v Evropě.",Ano,Ano,Ano,-,Ano,Ano,Ano,Ano,Ne,Ano,Ano,Ne,Ne,Ano,Ano,Ne,Ano,,Ano,Ano,Ano,Ano,
33,Podpora obnovitelných zdrojů,ČR má finančně podporovat rozvoj obnovitelných zdrojů energie.,,Ano,Ano,Ano,Ano,Ano,Ano,Ano,Ne,Ano,Ne,Ano,Ne,Ano,Ano,Ano,Ne,Ne,,Ano,Ano,Ne,Ne,
34,Zákon o uhlíkové neutralitě do 2050,ČR by měla uzákonit dosažení uhlíkové neutrality do roku 2050.,"Uhlíková neutralita znamená dosažení rovnováhy mezi emisemi uhlíku (ze skleníkových plynů) a jejich pohlcováním z atmosféry. Závazek dosažení uhlíkové neutrality do roku 2050 vláda ČR přijala v roce 2019 v rámci Zelené dohody pro Evropu. Švédsko, Dánsko, Francie, Německo a Maďarsko již mají tento závazek i ve formě zákona.",Ano,Ano,Ano,Ano,Ne,Ne,Ne,Ne,Ano,Ne,-,Ne,Ano,-,Ano,Ne,Ne,,Ne,-,Ne,Ne,
35,Pěstování konopí legální,Pěstovat konopí (marihuanu) pro vlastní potřebu by mělo být legální.,"V současnosti je v ČR pěstování konopí (marihuany) v malém množství přestupek, v množství větším než malém potom trestný čin. Zákon nerozlišuje rekreační ani léčebné účely.",Ne,Ano,Ano,Ano,Ano,Ano,Ne,Ano,Ano,Ano,Ano,Ano,Ano,-,-,Ano,Ano,,Ano,Ne,-,Ano,
36,Vyšší tresty za znásilnění,Tresty za znásilnění by se měly zvýšit.,"V současné době jsou zhruba 2/3 pachatelů odsouzené za znásilnění k podmínečnému trestu a 1/3 k trestu vězení. Kritici poukazují na to, že nízké tresty jsou neadekvátní vzhledem ke společenské nebezpečnosti činu, ani nereflektují mnohdy doživotní tramata obětí.",Ano,Ano,Ne,Ano,Ano,Ano,Ano,Ano,Ano,Ano,Ano,Ne,Ano,Ne,Ano,Ne,Ano,,Ano,Ano,Ano,Ano,
37,Nižší vliv na trest u dosavadní beztrestnosti,Soudy by měly méně přihlížet k dosavadní beztrestnosti pachatelů.,"Kritici zaběhlé praxe poukazují na to, že tresty za činy s vysokou společenskou nebezpečností (např. znásilnění) jsou neadekvátně nízké. Jedním z hlavních důvodů je, že soudy rutinně dávají velkou váhu dosavadní beztrestnosti pachatelů.",Ne,Ne,Ano,Ano,Ne,Ano,Ne,Ano,Ano,Ne,Ne,Ne,Ne,Ne,Ano,Ne,Ne,,Ano,Ne,Ano,Ne,
38,Zákon proti trestání dětí,Tělesné trestání dětí by mělo být výslovně zakázáno zákonem.,V českých zákonech není konkrétní zákaz veškerých tělesných trestů dětí v rámci rodiny i v jiném prostředí. Úplný zákaz platí ve 23 zemích EU.,Ne,Ano,Ano,Ne,Ano,Ne,Ne,Ne,Ano,Ne,Ano,Ne,Ano,Ne,Ano,Ne,Ne,,Ne,Ne,Ne,Ne,
39,Pokuty dle příjmů řidiče,Pokuty za dopravní přestupky by měly odpovídat výši příjmů řidiče.,"V některých zemích jako Finsko nebo Švýcarsko jsou pokuty placeny dle příjmů řidiče, aby postihly všechny řidiče obdobně.",Ne,Ne,Ne,Ne,Ne,Ne,Ne,Ne,Ano,Ano,Ne,Ano,Ano,Ano,Ano,Ne,Ne,,Ano,Ne,Ne,Ne,
40,Soudci doživotně,Soudci by nadále měli být jmenováni do funkce doživotně.,,Ano,Ano,Ano,Ano,Ne,Ano,Ano,Ne,Ano,Ne,Ano,Ano,Ano,Ne,Ano,Ne,Ne,,Ne,Ne,Ne,Ne,
41,Příspěvek na právního poradce,ČR by měla zavést státní příspěvek na využití právního poradce pro situace jako hrozba exekuce.,,Ne,Ano,Ano,-,Ano,Ne,Ne,Ne,Ano,Ano,Ne,Ano,Ano,Ano,-,Ne,Ano,,Ano,Ne,-,Ano,
42,Daň z digitálních služeb,Google nebo Facebook by měly platit speciální daň ze všech příjmů v ČR.,"Aktuálně je v parlamentu návrh zákona o dani z digitálních služeb, který pro velké internetové firmy zavádí novou daň ze všech přijmů v ČR. Je možné, že se do konce volebního období zákon nestihne finálně projednat a nová sněmovna tak bude muset příp. začít jej projednávat znovu. Zastánci argumentují nízkými až nulovými daněmi, které tyto velké firmy v ČR platí. Např. v Rakouskou, Velké Británii a Turecku, které zavedly obdobnou daň, Google odpovídajícím způsobem zvedl ceny objednavatelům reklamy. ",Ano,Ano,Ano,Ano,Ano,Ne,Ano,Ano,Ano,Ano,Ano,Ano,Ano,Ano,Ano,Ne,Ano,,Ano,Ano,Ne,Ano,omylem 2x
43,Omezení přístupu na sociální sítě,"Velké sociální sítě jako Facebook, Youtube, Instagram nebo Twitter mají mít právo omezit své používání komukoliv dle své vůle.","Velké sociální sítě dnes mohou zamezit komukoliv ve svém používání. Např. Twitter (doživotně) a Facebook (na 2 roky) omeziliy přístup na svoje sociální sítě bývalému prezidentu USA Donaldu Trumpovi v lednu 2021 po útoku jeho příznivců na Capitol, sídlo amerického parlamentu.",Ne,Ne,Ne,-,Ne,Ne,Ne,Ano,Ano,Ne,Ne,Ne,Ne,Ne,Ano,Ano,Ne,,Ne,Ano,-,Ne,
44,Zodpovědnost sociálních sítí,"Sociální sítě mají být zodpovědné za obsah, který zpřístupňují.","Velké sociální sítě jako Facebook nebo Youtube jsou dnes pojímány spíše jako nástěnka: zodpovědnost (i trestní) za zveřejněný obsah je primárně na tom, kdo obsah na danou síť nahrál. Naopak např. média mají zodpovědnost za jakýkoliv obsah, který zveřejní.",Ne,Ano,-,Ne,Ne,Ano,Ano,Ne,Ano,Ne,Ano,Ano,Ano,Ne,Ano,Ne,Ne,,Ne,Ano,-,Ne,
45,Fake News – povinnost odstraňovat,"Provozovatelé velkých internetových stránek a aplikací jako Facebook nebo Youtube mají být povinni vymazat „falešné zprávy“ (fake news), na které byli upozorněni.","Jako fake news je obvykle označováno šíření nepravdivých a manipulativních informací plnících roli dezinformace. V Německu existuje několik let zákon, který velkým sociálním sítím takovou povinnost ukládá, v ČR žádný takový speciální zákon není.",Ne,Ano,Ne,Ne,Ne,Ne,Ne,Ne,Ano,Ne,Ano,Ano,Ano,Ne,Ano,Ne,Ne,,Ne,Ano,Ne,Ne,
46,Méně peněz na veřejnoprávní vysílání,Na veřejnoprávní vysílání by se mělo dávat méně peněz.,"Veřejnoprávní vysílání České televize a Českého rozhlasu je dnes financováno z koncesionářských poplatků, tedy veřejností.",Ano,Ne,-,Ne,Ano,Ne,Ne,Ano,Ne,Ano,-,Ne,Ne,Ne,Ne,Ano,Ano,,Ano,Ne,Ano,Ne,
47,Nutriční skóre,Mělo by se zavést označování potravin nutričními štítky.,"V některých evropských zemích je zavedeno dobrovolné označovány barevnými nutričními štítky od A - E dle svých nutričních hodnot. Obsah ovoce, zeleniny, vlákniny, některých olejů a bílkovin skóre zlepšují (A), vysoký obsah cukru, nasycených mastných kyselin a sůl skóre zhoršují (E).",Ano,Ano,Ne,Ano,Ano,Ne,-,Ne,-,-,Ano,Ne,Ano,Ne,Ano,Ne,Ano,,Ano,Ano,Ne,Ne,
48,Posílení státních kontrolních orgánů potravin,"Měly by se posílit státní kontrolní orgány kvality potravin, jako je Státní zemědělská a potravinářská inspekce.",,Ano,Ano,Ano,Ano,Ne,Ano,Ano,Ne,Ano,Ano,Ne,Ne,Ano,Ano,Ne,Ne,Ano,,Ne,Ano,Ne,Ano,
49,Zvýšení daně na alkohol,Spotřební daň na alkohol by se měla zvýšit.,"Spotřební daň na alkohol je 322 Kč/litr čistého lihu, tedy např. 64 Kč za půllitrovou láhev rumu.",Ano,Ne,-,Ano,Ne,Ne,Ne,Ne,-,Ano,Ne,Ne,Ano,Ano,Ano,Ne,Ne,,Ano,Ano,-,Ne,omylem 2x
50,Zvýhodnění částečných úvazků,ČR by měla finančně zvýhodnit částečné úvazky (např. slevou na sociálním pojištění).,"V ČR je zhruba 5 % pracovních úvazků zkrácených, v celé EU je to zhruba 20 %.",Ano,Ano,Ano,Ano,Ano,Ano,Ano,Ano,Ano,Ano,-,Ano,Ano,Ano,Ano,Ano,Ne,,Ano,Ano,Ne,Ne,
51,Snížení daňového zatížení práce,Celkové daňové zatížení práce by se mělo snížit.,"V ČR při průměrném platu je celkové zdanění (daně, sociální a zdravotní pojištění) zhruba 40 %. To je o něco méně, než je průměr v EU (zhruba 45 %). V sousedních zemích je to v Německu necelých 50 %, na Slovensku 45 %, v Rakousku přes 50 % (nejvíce v EU) a v Polsku zhruba stejně jako v ČR. Nejmenší zdanění práce při průměrném platu z EU je na Kypru a to zhruba 25 %.",Ano,Ano,Ne,Ano,Ano,Ano,Ne,Ano,Ano,Ano,Ano,Ano,Ano,Ne,Ano,Ano,Ano,,Ano,Ano,Ano,Ano,
52,Minimální mzda svázaná s prúměrnou,Hodnota minimální mzdy by se měla pevně odvíjet od růstu průměrné nebo mediánové mzdy v ČR.,"Dnes se výše minimální mzdy určuje nařízením vlády. Ta může na jedné straně reagovat na celkovou aktuální situaci, na druhé straně nepředvídatelné zvyšování mzdy klade vyšší nároky na zaměstnavatele.",Ano,Ano,Ano,Ano,Ne,Ne,Ne,Ne,Ano,Ne,Ne,Ne,Ano,Ano,Ano,Ne,Ne,,Ano,Ano,Ne,Ne,
53,Plošné zkrácení pracovní doby,Vláda ČR by měla v následujících čtyřech letech prosadit plošné zkrácení pracovní doby.,,Ne,Ano,Ano,Ne,Ano,Ne,Ne,Ne,Ano,Ano,Ne,Ne,Ano,Ano,-,Ne,Ne,,Ne,Ne,Ne,Ne,
54,Větší pravomoci u kontrol na pracovištích,Ministerstvo práce a sociálních věcí společně s Inspekcí práce by měly mít širší pravomoci při kontrolách na pracovištích.,,Ne,Ano,Ano,Ne,Ne,Ne,-,Ne,Ano,Ano,Ne,Ne,Ano,Ano,Ne,Ne,Ne,,Ne,Ano,Ne,Ne,
55,Omezení pracovních agentur,Působnost pracovních agentur by měla být výrazně omezena.,,Ano,Ano,Ano,-,Ano,Ne,Ano,Ne,Ano,Ano,Ne,Ne,Ano,Ano,Ne,Ne,Ne,,Ano,Ano,Ano,Ano,
56,Stejnopohlavní páry: adopce dětí,Stejnopohlavní páry by měly mít možnost adoptovat děti za obdobných podmínek jako jiné páry.,,-,Ano,-,Ano,Ne,-,-,Ne,Ano,Ne,-,Ne,Ano,Ne,Ano,Ano,Ne,,Ne,Ne,Ne,Ne,
57,Stejnopohlavní páry: manželství,Stejnopohlavní páry by měly mít možnost vstupovat do manželství za stejných podmínek jako jiné páry.,"Registrované partnerství přináší v porovnání s manželstvím omezená práva. Lidé např. nemají společné jmění, při úmrtí partnera/ky nevzniká nárok na důchod. Pokud jsou ve vztahu děti a zesnulý partner nebyl biologickým rodičem, nevzniká nárok ani na sirotčí důchod. Nevzniká právo na bydlení v obydlí partnera ani společné nájemní právo.",-,Ano,-,Ano,Ne,-,-,Ne,Ano,Ne,-,Ne,Ano,Ne,Ano,Ano,Ne,,Ne,Ne,Ne,Ne,
58,Zkrácení rodičovské dovolené,Maximální délka rodičovské dovolené v délce čtyř let by se měla zkrátit.,"Nejčastěji o děti předškolního věku pečují matky a společnost to považuje obecně za prospěšné. Studie však ukazují, že děti, které nastoupily po reformě rodičovského příspěvku z roku 1995 do mateřské školy až po čtvrtých narozeninách, byly ve studiu a v práci méně úspěšné než ty, které zůstaly ve výlučně domácí péči jen do tří let.",Ne,Ne,Ne,Ne,Ne,Ne,Ne,Ne,Ne,Ne,Ne,Ne,Ne,Ano,Ne,Ano,Ne,,Ne,Ano,Ne,Ne,
59,Místní příslušnost exekutorů,Konkurence mezi exekutory by se měla odstranit zavedením místní příslušnosti exekutorů.,,Ne,Ano,Ano,Ano,Ano,Ne,Ano,Ano,Ano,Ano,Ano,Ne,Ano,-,Ne,Ne,Ano,,Ano,Ano,Ne,Ano,
60,1 dlužník = 1 exekutor,U exekucí by mělo platit pravidlo 1 dlužník = 1 exekutor.,"Různé dluhy jednoho dlužníka dnes obvykle vymáhá více exekutorů, čímž vysoce narůstá příslušenství dluhu. Systém 1 dlužník = 1 exekutor by znamenal, že lidé, kteří mají více exekucí, by komunikovali s jedním jím přiděleným exekutorem. Oponenti kritizují, že by to upřednostňovalo jen několik velkých exekutorů.",Ano,Ano,Ano,Ano,Ano,Ne,Ano,Ano,Ano,Ano,Ano,Ne,Ano,Ano,-,Ne,Ano,,Ano,Ano,Ne,Ano,
61,Sociální bydlení,"Nová obecní, státní nebo soukromá výstavba bytů pro veřejnost musí být vždy tvořena alespoň z části sociálními byty.",,Ano,Ano,Ano,Ne,Ne,Ne,Ano,Ne,Ano,Ano,Ne,Ne,Ano,Ne,Ano,Ne,Ne,,Ano,Ano,Ano,Ne,
62,Aktivní vyhledávání lidí v nouzi,"Stát má aktivně vyhledávat lidi v nouzi, kteří mají nárok na sociální dávky.","Např. příspěvek na bydlení dnes nepobírá více než 80 % domácností, které by na něj měly nárok. Jde zhruba o 800 tisíc domácností, z toho zhruba polovina by měla nárok na více než 1000 Kč měsíčně.",Ne,Ano,Ano,Ne,Ne,Ne,Ne,Ne,Ano,Ano,Ne,Ne,Ano,Ne,-,Ne,Ne,,Ne,Ne,Ne,Ne,
63,Závazný výpočet alimentů,Stát by měl stanovit soudům závazný výpočet výživného (alimentů) podle příjmů dlužníka.,"Běžná praxe soudů je stanovovat výživné spíše v symbolické výši. Diametrálně odlišné alimenty od podobně vydělávajících rodičů a na stejně staré děti tak nejsou ničím neobvyklým. MPSV vydalo doporučení s odstupňovanou výší výživného (např. pro dítě do 6 let jde o 11-15 % čistého příjmu druhého rodiče), to však není právně závazné.",Ne,Ano,Ano,Ne,Ano,Ano,Ano,Ne,Ano,Ano,Ne,Ano,Ano,Ano,Ano,Ne,Ne,,Ano,Ano,Ne,Ne,
64,Decentralizace ČR,"Mělo by se zavést pravidlo, že státní instituce by měly být rozmisťovány rovnoměrně po celém území ČR.","V ČR je velké množství státních a státem placených institucí v Praze. Naproti tomu v Německu existuje pravidlo, že takové instituce musejí být rozmísťovány rovnoměrně po celé zemi. Podle zastánců to např. podporuje chudší regiony a posiluje nezávislost kontrolních institucí, podle odpůrců to snižuje efektivitu státní správy.",Ano,Ne,-,-,Ne,Ne,Ano,NE,Ne,Ne,Ne,Ne,Ano,Ano,Ano,Ne,Ne,,Ano,Ano,Ano,Ne,
65,Kolonizace Marsu,ČR by se měla více zapojit do snah o kolonizaci Marsu.,"Dnes jsou na Marsu 3 robotická průzkumná vozidla: 2 vyslala americká NASA a 1 Čína. 8 družic krouží kolem Marsu, včetně 2 evropských. Americká firma Space X plánuje let lidí na Mats již v tomto desetiletí, programy na podobné lety mají také např. Spojené arabské emiráty nebo Čína. Fyzik Stephen Hawking v roce 2017 předpokládal, že lidstvo musí během staletí najít domov také mimo Zemi kvůli rizikům, jako je klimatická změna, znečištění prostředí, možná pandemie z důvodu nového viru, neuhlídání umělé inteligence nebo růst populace.",Ano,Ne,Ano,Ano,Ne,Ano,-,Ne,Ne,Ne,Ne,Ano,Ne,Ne,Ano,Ne,Ne,,Ne,Ne,Ne,Ne,
66,Volby online,Měla by být zavedena možnost volit online po internetu.,,Ne,Ne,Ne,Ano,Ne,Ne,Ano,Ne,Ne,Ne,-,Ano,Ne,-,Ano,Ne,Ne,,Ne,Ne,Ne,Ne,
67,Podpora technického vzdělávání,Technické vzdělávání na středních a vysokých školách by mělo být státem podporováno více než jiné obory.,,Ano,Ne,Ano,-,Ano,Ne,Ne,Ano,Ne,Ne,Ne,Ne,Ne,Ano,Ne,Ne,Ne,,Ano,Ne,Ano,Ano,
68,Nediferenciace žáků na ZŠ,"Všechny děti by se měly bez ohledu na talent nebo schopnosti vzdělávat společně až do konce povinné školní docházky (do 15 let, základní škola).",V dnešní době jde zhruba 10 % žáků po 5. třídě na víceletá gymnázia. Dalších zhruba 10 % žáků chodí na výběrové základní školy. Časná diferenciace žáků byla obnovena po roce 1989. Znovuzavedení víceletých gymnázií bylo vnímáno jako reakce na poptávku po kvalitním vzdělání pro nadané žáky a také jako naplnění principu svobodné volby školy pro rodiče a žáky. Dle kritiků to vede ke zvýšení nerovnosti ve vzdělání a k celkovému poklesu vzdělání v ČR.,Ano,Ano,Ano,-,Ano,Ne,Ne,Ne,Ne,Ano,Ne,Ne,Ano,Ano,-,Ne,Ne,,Ne,Ne,Ne,Ne,
69,Školné na VŠ,Mělo by se začít platit školné na veřejných vysokých školách.,"Na veřejných vysokých školách v ČR se neplatí školné. Studenti si ovšem platí ubytování, stravu, pomůcky i některé povinné školní poplatky. Podle zastánců školné umožní rozvoj vysokých škol, podle odpůrců omezí přístup ke vzdělání zejména sociálně slabším studentům.",Ne,Ne,Ne,Ne,Ne,Ne,Ne,NE,Ne,Ne,Ne,Ano,Ne,Ne,Ne,Ano,Ne,,Ne,Ano,Ano,Ano,
70,Inkluzivní vzdělávácí systém,"Vzdělávací systém má být co nejvíce inkluzivní, má pomáhat slabším žákům zapojit se do kolektivu a motivovat je k učení.","Odpůrci inkluze se obávají, že by méně nadaní žáci brzdili ty nadané. Zastánci inkluze poukazují na to, že výzkumy nic takového nepotvrzují, a zmiňují prospěch z nulové selekce žáků pro celou společnost.",Ano,Ano,Ne,Ano,Ne,Ne,-,Ne,Ano,Ne,-,Ano,Ano,Ne,Ano,Ne,Ne,,Ne,Ne,Ne,Ne,
71,Podpora učitelů v chudších regionech,Učitelé v chudších regionech ČR by měli být finančně zvýhodněni.,,Ne,Ano,Ne,-,Ano,Ano,Ano,Ne,Ano,Ne,Ne,Ne,Ano,Ano,Ano,Ne,Ne,,Ano,Ne,Ne,Ne,
72,Výstup z EU,ČR by měla vystoupit z Evropské unie.,Evropská unie (EU) je svazkem 27 evropských zemí. Jejími členy jsou i všechny 4 sousední země.,Ne,Ne,-,Ne,Ano,Ne,Ne,Ano,Ne,Ano,Ne,Ne,Ne,Ano,Ne,Ano,Ano,,Ano,Ano,Ano,Ano,
73,Zavedení eura,ČR by měla usilovat o zavedení společné evropské měny (euro).,"Eurem se platí z okolních zemí v Německu, Rakousku a na Slovensku. V Polsku se platí zlotým. Přijetí eura by přeneslo absenci vlastní centrální banky, která má možnost ovlivňovat ekonomiku své země pomocí fiskální politiky, měnit finanční zásobu dané ekonomiky, podporovat růst nebo jej omezovat. Naopak přijetí eura by snížilo transakční náklady na konvertování koruny a eura, pomohlo by zjednodušit zahraniční obchod, což by s sebou neslo růst HDP.",Ne,Ano,Ne,Ano,Ne,Ne,Ne,Ne,Ano,Ne,Ano,-,Ano,Ne,Ano,Ne,Ne,,Ne,Ne,Ne,Ne,
74,Výstup z NATO,ČR by měla vystoupit z NATO.,"Severoatlantická aliance (NATO) je mezinárodní vojenský pakt 30 zemí z Evropy a severní Ameriky. Ze sousedních zemí je v NATO také Německo, Polsko a Slovensko. Rakousko se po 2. světové válce zavázalo k neutralitě a nyní si tradici neutrality drží.",Ne,Ne,Ano,Ne,Ano,Ne,Ne,Ne,Ne,Ano,Ne,Ne,Ano,Ano,Ne,-,Ano,,Ano,Ano,Ano,Ano,
75,ČR v jádru EU,Místo ČR je v jádru EU.,"Jako jádro EU e obvykle označují země, které patří a chtějí i v budoucnu patřit do projektů větší integrace EU (dnes např. měna euro nebo Schengenský prostor bez hraničních prostor, do budoucna např. společná armáda).",Ne,Ano,Ne,Ano,Ne,Ne,Ne,Ne,Ano,Ne,Ne,Ano,Ano,Ne,Ano,Ne,Ne,,Ne,-,Ne,Ne,
76,Podpora zahraniční spolupráce a pomoci,ČR by měla více finančně podporovat zahraniční rozvojovou spolupráci a humanitární pomoc.,ČR dala v roce 2019 na rozvojovou spolupráci a humanitární pomoc v zahraničí zhruba 7 miliard Kč. V poměru k HDP to byla jedna z nejnižších částek ze zemí OECD.,Ano,Ano,Ano,Ano,Ne,Ano,-,Ne,Ano,Ne,-,Ano,Ano,Ne,Ano,Ne,Ne,,Ne,Ne,Ne,Ne,
77,Ohled na rozvojové země,ČR by měla při přijímání zákonů brát ohled i na rozvojové země (např. v oblasti změn klimatu).,"Některé zákony přijímané v ČR mají nepřímý dopad i na další země. Např. globální zvyšování hladiny moří dnes probíhá rychlostí asi 1 cm za 3 roky. Zároveň zhruba 1/4 miliardy lidí žije na místech ve výšce méně jak 2 metry nad mořem, kde je riziko, že se budou muset přestěhovat/migrovat.",Ne,Ano,Ano,Ano,Ne,Ano,Ne,Ne,Ano,Ne,-,Ne,Ano,-,Ano,Ne,Ne,,Ano,-,Ne,Ne,
78,Snazší azyl v ČR,Udělení azylu v ČR by se mělo usnadnit.,"V ČR např. v roce 2020 byl podle dat Eurostatu azyl udělen 105 lidem, žádalo nově 1160. V sousedním Rakousku byla úspěšná zhruba 1/2 žadatelů, přibližně 7500 lidí z necelých 15000. V Německu byl udělen více jak 70000 lidem, žádalo přes 120000. Naopak na Slovensku žádalo jen 280 lidí, ve stejném roce skončilo 35 úspěšně, v Polsku žádalo 2800 lidí a azyl byl v loňském roce udělen 370 lidem.",Ne,Ne,Ne,Ne,Ne,Ne,Ne,Ne,Ano,Ne,Ne,Ano,Ano,Ne,Ano,-,Ne,,Ne,Ano,Ne,Ne,
79,ČR v Schengenu,ČR by měla zůstat v Schengenském prostoru s volným pohybem občanů EU.,,Ano,Ano,Ano,Ano,Ne,Ano,Ano,Ano,Ano,Ne,Ano,Ano,Ano,Ano,Ano,Ano,Ano,,Ano,Ano,Ano,Ne,
80,Více peněz na armádu,ČR by měla dávat více peněz na armádu.,"V roce 2019 dala ČR na obranu necelých 79 miliard Kč, což odpovídalo asi 1.2 % hrubého domácího produktu (HDP). ČR se zavázala na setkání NATO v roce 2014, že do 10 let bude vydávat na obranu 2 % HDP, průměr v NATO je zhruba 1.7 %.",Ano,Ne,Ne,Ano,Ne,Ano,Ano,Ano,Ano,Ne,Ne,Ano,Ne,Ne,Ano,Ne,Ne,,Ano,Ne,Ne,Ne,
81,Genetické modifikace embryí,V ČR by měla být povolena genetická modifikace embryí.,"ČR podepsala tzv. Oviedskou smlouvu o lidských právech a biomedicíně. Tato mezinárodní smlouva mj. zakazuje úpravu lidské genetické informace mimo preventivní, diagnostické a terapeutické důvody. V žádném případě nesmí být cílem modifikace genetické informace potomků. Za genetickou modifikaci embryí, ze kterých se v roce 2018 narodila dvojčata, byl v Číně v roce 2020 odsouzen do vězení lékař, jehož cílem byla resistence narozených proti viru HIV.",Ne,Ne,Ne,Ne,Ne,Ne,Ne,Ne,-,Ne,Ne,Ne,Ne,Ne,-,Ano,Ne,,Ne,Ne,Ne,Ne,
82,Volba pohlaví dítěte,Rodiče v ČR by při umělém oplodnění měli mít možnost si vybrat pohlaví dítěte.,"ČR podepsala tzv. Oviedskou smlouvu o lidských právech a biomedicíně. Tato mezinárodní smlouva mj. zakazuje výběr pohlaví dítěte při umělém oplodnění (s výjimkou některých prokazatelných dědičných poruch). Výběr pohlaví dítěte je nelegální ve většině světa, výjimkou jsou např. USA.",Ne,Ne,Ne,Ne,Ne,Ne,Ne,Ne,-,Ne,Ne,Ne,Ne,Ne,Ne,Ano,Ne,,Ne,Ne,Ne,Ne,
83,Paliativní a hospicová péče,Financování paliativní a hospicové péče by měl finančně z většiny zajišťovat stát.,"Paliativní péče o umírající pacienty nenabízí léčbu, ale zmírnění bolesti, zachování lidské důstojnosti a poskytnutí podpory blízkým. Hospice poskytují takovouto péči mimo nemocnici (doma, ve vlastním zařízení). Dnes většinu příjmů hospiců tvoří jednorázové dotace, dary a příspěvky od rodin umírajících.",Ano,Ne,Ano,Ano,Ano,Ano,Ano,Ano,Ano,Ano,-,Ano,Ano,Ano,Ano,Ne,Ne,,Ano,Ano,-,Ano,
84,Zahraniční lékaři a sestry,"ČR má aktivně zvát lékaře a sestry ze zahraničí, zvlášť do zdravotnických oborů, kde jich je v ČR nedostatek.",,Ano,Ano,Ano,Ano,Ne,Ano,Ano,Ano,Ano,Ne,Ano,Ano,Ano,Ne,Ano,Ne,Ne,,Ano,Ano,-,Ne,
85,Nemocniční lůžka,Počet lůžek v nemocnicích se má snižovat.,"Lůžková péče je dnes nejnákladnější částí českého zdravotnictví, jde na ní více než 40 % nákladů. ČR má necelých 7 nemocničních lůžek na 1000 obyvatel, z okolních zemí mají o něco více Rakousko (7) a Německo (8), Polsko méně (6), většina zemí v EU má nemocničních lůžek méně.",Ne,Ne,Ne,Ne,Ne,Ne,Ne,Ne,Ne,Ne,Ne,Ano,Ne,Ne,Ne,-,Ne,,Ne,Ano,Ne,Ne,
86,Financování zdravotnictví,ČR by měla na zdravotnictví vynakládat více peněz.,"V současné době jde do zdravotnictví asi 8 % českého HDP. Ze sousedních zemí v Německu a Rakousku to je zhruba 10-12 %, naopak na Slovensku a v Polsku to je méně než 7 %.",Ano,Ano,Ano,Ano,Ano,Ano,Ano,Ano,Ano,Ne,Ne,Ne,Ano,Ne,Ano,Ne,Ne,,Ano,Ano,Ne,Ne,
87,Sjednocení doplatků na léky,Doplatky za léky na předpis by měly být stejné ve všech lékárnách.,Dnes stejný lék může stát v každé lékárně jinak. Lékárny a výrobci léků mají jistou volnost v určení doplatku za léky.,Ano,Ano,-,Ne,Ano,Ne,Ne,Ne,Ano,Ano,Ne,Ne,Ano,Ano,Ne,Ne,Ne,,Ne,Ano,Ano,Ne,
88,Dotace pro zdravotnictví mimo velká města,Vláda má nadále pokračovat ve vypisování dotací na udržení lékařské péče v menších městech a na venkově.,Ministerstvo zdravotnictví v posledních letech vypisuje dotace na mzdu sestry nebo technického vybavení ordinace do výše 1/4 milionu v oblastech s nižší dostupností zdravotnické péče. Na tyto dotace ministerstvo vyhrazuje zhruba 20 milionů Kč ročně.,Ano,Ano,Ano,Ano,Ano,Ano,Ano,Ano,Ano,Ne,Ne,Ano,Ano,Ano,Ano,Ne,Ne,,Ano,Ano,Ano,Ne,
89,Slevy na zdravotním pojištění,Lidé aktivně pečující o své zdraví mají dostat slevu ze zdravotního pojištění.,"Např. některé pojišťovny v USA nebo v Austrálii již dnes poskytují slevy na zdravotním pojištění, pokud pravidelně cvičíte nebo přestanete kouřit. V ČR to dnes není legálně možné.",Ne,Ne,-,Ano,Ne,Ano,Ano,Ano,Ano,Ne,Ano,Ano,Ne,Ne,Ano,Ano,Ano,,Ne,Ano,Ano,Ne,
90,Povolení eutanázie,"Lidé, kteří považují svůj život za naplněný, by měli mít možnost získat pomoc při sebevraždě.","V současné době není asistovaná sebevražda v ČR legální v žádném případě. Jsou např. známy případy nevyléčitelně nemocných občanů ČR, kteří jeli do specializovaných klinik ve Švýcarsku, kde je asistence při sebevraždě legální.",Ne,Ne,Ne,-,Ne,Ne,-,Ne,Ne,Ne,-,Ne,Ano,Ano,-,Ano,Ano,,-,Ano,Ano,Ne,
91,Zdravotní pojišťovny - snížit počet,Vláda by měla snížit počet zdravotních pojišťoven.,"V Česku dnes působí z původních 27 zbylých 7 zdravotních pojišťoven. V současném volebním období byl tlak na sloučení některých z nich. V ČR je dnes systém jedné velké Všeobecné zdravotní pojišťovny a takzvaných oborových a zaměstnaneckých pojišťoven. Zdravotní pojišťovny jsou speciálním typem organizace, jejichž založení dnes schvaluje Ministerstvo zdravotnictví. Na rozdíl od běžných firem mj. nemají majitele a nemohou generovat zisk.",Ano,Ano,Ano,Ne,Ano,Ne,Ano,Ne,-,Ano,Ne,Ne,Ano,Ano,Ne,Ne,Ne,,Ano,Ano,Ne,Ne,
92,Zvýšení plateb za státní pojištěnce,Platby zdravotního pojištění za státní pojištěnce by se měly zvýšit.,"Platby za zdravotní pojištění za státní zaměstnance (důchodce, děti, nezaměstnaní) dnes tvoří zhruba 1/4 příjmů zdravotních pojišťoven, zároveň na jejich péči jde velká většina výdajů.",Ano,Ano,Ano,Ne,Ano,Ne,Ne,Ne,Ano,Ne,Ne,-,Ano,Ne,Ano,Ano,Ne,,Ne,Ano,Ne,Ne,
93,Valorizace plateb za státní pojištěnce,Platby zdravotního pojištění za státní pojištěnce by se měly automaticky valorizovat.,"Platby za zdravotní pojištění za státní zaměstnance (důchodce, děti, nezaměstnaní) tvoří zhruba 1/4 příjmů zdravotních pojišťoven, zároveň na jejich péči jde většina výdajů. Zvýšení plateb nyní vláda vždy schvaluje jednorázově.",Ano,Ano,Ano,Ano,Ne,Ne,Ne,Ano,Ano,Ano,Ano,Ano,Ano,-,Ano,Ne,Ne,,Ne,Ano,Ne,Ne,
94,Zavedení soukromého zdravotního pojištění,Měla by být zavedena možnost soukromého připojištění ke zdravotnímu pojištění.,"Soukromě připojistit se v některých státech lze již např. na finančně nákladnější postup léčby, nadstandard v nemocnicích nebo doplatky za léky. V ČR to dnes není možné. Rozdělení na standardní léčbu a nadstandardní v roce 2013 zrušil Ústavní soud.",Ne,Ne,Ne,Ne,Ano,Ano,Ano,Ano,Ne,Ne,Ano,Ano,Ne,Ne,Ano,Ano,Ano,,Ne,Ano,Ano,Ano,
95,Zavedení personalizované zdravotní péče,Péče o pacienta by měla být více personalizovaná.,"Tento trend je z lékařského hlediska vysoce efektivní, ale také finančně náročnější než standardizovaná zdravotní péče. Péče šitá na míru může napomoci rychlejší a účinnější prevenci a diagnóze, přináší větší jistotu při rozhodování o vhodné léčbě. Pojišťovny nyní mají omezená data od zdravotnických zařízení a mohou sledovat jen část parametrů léčby. Propojení zdravotnických registrů však s sebou nese obavy o kybernetickou bezpečnost a ochranu velmi cenných dat o všech pojištěncích.",Ano,Ano,Ano,Ano,Ano,Ano,Ano,Ano,Ano,Ano,-,Ano,Ano,-,Ano,Ano,Ano,,Ano,Ano,-,Ano,
96,Centralizace specializované lékařské péče,Specializovaná lékařská péče v ČR se má více centralizovat.,"V ČR je dnes podporována centralizace specializované péče (např. onkologická, hematologická, cerebrovaskulární, traumatologická atd.) do několika velkých nemocnic v ČR, zejména fakultních. Důvodem jsou vysoké náklady na náležité vybavení ve více zdravotnických zařízeních.",Ne,Ano,Ano,Ano,Ne,Ne,Ano,Ano,Ne,Ne,Ano,Ano,Ne,Ne,Ne,Ne,Ne,,Ano,Ano,Ne,Ano,
97,Spoluúčast pacientů na lékařské péči,Celkový podíl finanční spoluúčasti pacientů na placení lékařské péče by se měl zvýšit.,"Dnes více jak 80 % výdajů na zdravotnictví v ČR je placeno státem a povinným zdravotním pojištěním. Jedná se o nadprůměrný podíl v rámci EU, průměrně je tedy finanční spoluúčast v EU vyšší.",Ne,Ne,Ne,Ne,Ne,Ne,Ne,Ano,Ne,Ne,Ano,-,Ne,Ne,-,Ano,Ne,,Ne,Ano,Ano,Ne,
98,Věda a výzkum v mezinárodní spolupráci,ČR by měla primárně investovat do výzkumu a vývoje léků a vakcín na mezinárodní úrovni oproti úrovni ryze české.,,Ne,Ne,Ne,Ano,Ne,Ano,Ano,Ano,Ano,Ne,-,-,Ano,-,Ano,Ne,Ne,,Ne,Ano,Ne,Ne,
99,Podpora telemedicíny,ČR by měla cíleně podporovat rozvoj telemedicíny.,"Poskytování medicínských služeb na velké vzdálenosti by mohlo zlepšit dostupnost péče v některých lékařských oborech nebo regionech. Propojení klientů s odborníky pomocí videokonferencí, vzdáleného monitorování, elektronických konzultací apod. nezajistí rovnost v přístupu ke zdravotní péči, která by se odvíjela od kvality připojení k internetu nebo schopnosti zvládat online prostředí. To s sebou může nést zdravotní i bezpečnostní rizika. Od roku 2020 je v ČR pojišťovnami hrazeno několik typů zdravotních výkonů, např. konzultace s ošetřujícím lékařem nebo psychiatrem přes telefon nebo počítač.",Ano,Ano,Ano,Ano,Ne,Ano,Ano,Ano,Ne,Ne,-,Ano,Ano,Ano,Ano,Ne,Ne,,Ne,Ano,Ano,Ne,
100,Podpora prevence zdravotními pojišťovnami,"Zdravotní pojišťovny by měly mít povinnost dávat více peněz na prevenci, než vynakládají dnes.","Dnes zdravotní pojišťovny celkem vydávají na prevenci méně než 0,5 % svých příjmů. Všeobecná zdravotní pojišťovna má ze zákona omezení fondu prevence maximálně na 0,3 %.",Ano,Ano,Ano,Ano,Ano,Ne,Ano,Ano,Ano,Ano,Ano,Ano,Ano,Ano,Ano,Ne,Ano,,Ano,Ano,Ano,Ne,
101,Znovuzavedení regulačních poplatků,Měl by se znovu zavést poplatek za návštěvu lékaře.,"Poplatky za návštěvu lékaře, tzv. regulační poplatky, se platily v letech 2008-2014 ve výši 30 Kč.",Ne,Ne,Ne,Ne,Ne,Ne,Ne,Ne,Ne,Ne,Ne,Ne,Ne,Ne,-,Ano,Ne,,Ne,Ano,-,Ne,
102,Platy zdravotnického personálu,Platy lékařů a lékařek i sester ve státním a veřejném sektoru by se měly zvýšit.,"Platy lékařů/ek a sester se ve státním a veřejném sektoru řídí platovými tabulkami. Např. nejnižší nástupní plat lékaře/ky je necelých 37 000, nejvyšší (po 32 letech praxe) může být 72 000 Kč hrubého. Spolu s příplatky za přesčasy apod. je potom průměrný plat specialisty 73 000 a praktického lékaře 45 000 Kč.",Ano,Ano,Ano,Ano,Ano,Ano,-,Ano,Ano,Ne,-,Ano,Ano,-,Ano,-,Ano,,-,Ano,-,Ne,
103,Více veřejně vlastněných nemocnic,"Stát by měl usilovat o to, aby se zvýšil podíl veřejně vlastněných nemocnic.","V současné době jsou některé nemocnice státní (např. největší fakultní), některé krajské a některé soukromé (např. velké množství nemocnic na severní Moravě a ve Slezsku patří firmě Agel). Péče v nich je převážně placená ze zdravotního pojištění.",Ano,Ano,Ano,Ne,Ne,Ne,Ne,Ne,-,Ano,Ne,Ne,Ano,Ano,Ne,Ne,Ne,,Ano,Ne,-,Ne,
104,Povinnost absolventů medicíny pracovat v ČR ,"Absolventi lékařských fakult mají mít několik let povinnost pracovat v ČR, jinak by museli doplatit školné.","Podobný systém funguje v ČR na některých většinou technických školách, kde si firmy zavazují žáky stipendii a předběžnými smlouvami.",Ne,Ano,Ano,Ne,Ano,Ne,Ne,Ne,Ne,Ano,-,Ne,Ne,Ano,Ano,Ne,Ne,,Ano,Ano,Ano,Ano,
105,Privatizace nemocnic,Stát by měl privatizovat více nemocnic.,"Řada nemocnic v ČR už privátní je. Zastánci další privatizace tvrdí, že stávající systém zřizovatele a provozovatele (tedy Ministerstvo zdravotnictví a systém pojištění zdravotními pojišťovnami) funguje nedostatečně a nemocnice jsou ztrátové. Naproti tomu největší české nemocnice mají velmi dobrou úroveň vlastního kapitálu a vykazují tak nízkou zadluženost. Kritici privatizace varují, že stát by se dobrovolně zbavil vlivu na své hlavní nemocnice a že by se zdravotnictví stalo investiční příležitostí velkých finančních skupin. To by mohlo vést ke snížení všeobecné dostupnosti zdravotních služeb.",Ne,Ne,Ne,Ne,Ne,Ne,Ne,Ne,Ne,Ne,Ano,-,Ne,Ne,Ne,Ano,Ne,,Ne,Ano,Ne,Ne,
106,Proti diskriminaci lékařek,V českém zdravotnictví je třeba aktivně podpořit programy proti diskriminaci žen.,"Podle loňského průzkumu spolku Mladí lékaři zažívá velká část začínajících lékařek diskriminaci buď přímo, anebo zprostředkovaně. Vyučující odrazují ženy během studia, zaměstnavatelé pak dávají automaticky přednost mužům, bez přihlédnutí k životopisu a dovednostem uchazeček. Ženy pak mívají na stejných pozicích nižší platy a menší šance vzdělávat se na konferencích a zahraničních pobytech. Mladé lékařky odcházejí z nemocnic do zahraničí nebo zcela opouštějí obor. Česká lékařská komora diskriminaci lékařek nepovažuje za hlavní problém.",Ano,Ano,Ano,Ano,Ne,Ne,Ano,Ne,Ano,-,Ano,Ne,Ano,Ne,Ano,Ne,Ne,,Ano,Ne,-,Ne,
107,Školní jídelny - složení jídel,"V jídle ve školních jídelnách by se měl zvýšit podíl ovoce, zeleniny a luštěnin.","Vyhláška o školním stravování je zaměřená na množství konkrétních potravin za měsíc, ne na jednotlivé živiny, které jsou v jídle obsažené. Vyhláška např. stanovuje, že školní obědy by celkem za měsíc měly obsahovat zhruba 6x více masa než luštěnin.",Ano,Ano,Ano,Ano,Ano,Ano,Ano,Ano,Ano,Ano,Ano,Ano,Ano,Ano,Ne,-,Ano,,Ano,Ano,-,Ano,
108,Zdravotní pojištění - výpis čerpání zdravotní péče,Pojišťovny by měly automaticky jednou ročně zasílat klientům tzv. výpis čerpání zdravotní péče.,"Lékaři někdy účtují pojišťovnám výkony, které ve skutečnosti vůbec neproběhly. Nemusí jít nutně o podvod ale o administrativní chybu. Zvýšená kontrola pojištěnců by tomu pomohla zabránit. Většina pojišťoven nabízí možnost nahlédnout do svého výpisu elektronicky, mnoho klientů, zejména seniorů, však nemá přístup k internetu nebo neumějí ovládat online systém.",Ano,Ano,Ano,Ano,Ano,Ano,Ano,Ano,Ano,Ano,Ano,Ne,Ano,Ano,Ano,-,Ano,,Ano,Ano,Ano,Ano,
109,Vyšší DPH na nezdravé potraviny,"Zdraví škodlivé potraviny (např. nápoje s velkým množstvím přidaného cukru, cukrovinky, uzeniny, hranolky) by měly mít vyšší sazbu DPH.",,Ne,Ne,-,-,Ne,Ne,Ne,Ne,-,Ano,Ne,Ne,Ano,Ano,Ano,Ne,Ne,,Ne,Ano,Ne,Ne,
110,Reklama na léky placené z pojištění,Reklama na léky hrazené ze zdravotního pojištění by měla být povolena.,,Ne,Ne,Ne,Ne,Ne,Ano,Ne,Ano,-,-,Ne,Ne,Ne,Ne,-,Ano,Ano,,Ne,Ano,-,Ano,
111,Více smluv s psychology,Zdravotní pojišťovny by měly uzavírat mnohem více smluv s psychology.,"Česká republika je hluboce pod průměrem rozvinutějších zemí co do počtu psychologů hrazených pojišťovnou. Celostátní průměr Česka je zhruba 7 psychologů na 100 tisíc obyvatel. Německo má zhruba 49 psychologů na 100 tisíc obyvatel, Francie 48, Norsko 73, Polsko 16, Nizozemsko 150. WHO doporučuje alespoň 26 klinických psychologů na 100 tisíc obyvatel.",Ano,Ano,Ano,Ano,Ano,Ano,Ano,Ano,Ano,-,-,Ano,Ano,Ano,Ano,-,Ne,,Ne,Ano,-,Ne,
112,Zdravotnická data,Anonymní data ze zdravotnictví by měla být veřejně dostupná.,"Zdravotnická data, např. o průběhu pandemie covid-19 v ČR, dnes nespadají pod Zákon o svobodném přístupu k informacím. Autoři novely se tímto omezením snažili zabránit zveřejňování „zavádějících informací o zdravotním stavu vyvolávat u laického občana zbytečné obavy“. Kritici naopak upozorňují, že utajování části informací o pandemii covid-19 se podílí na jejím tragickém průběhu v ČR a celkově znemožňuje kvalitní informování veřejnosti v mnoha oblastech zdravotnictví.",Ano,Ano,Ano,Ano,Ano,Ano,Ano,Ne,Ano,Ne,Ne,Ano,Ano,Ano,-,Ne,Ano,,Ano,Ano,Ano,Ano,
113,Psychické onemocnění - komunitní péče,"Lidé hospitalizování se závažným duševním onemocněním by měli mít právo být léčeni v komunitní péči, nikoli v psychiatrických nemocnicích.","Komunitní péče je více individuální, přináší možnost zapojení do pracovního procesu a do života. Přispívá také k dodržování lidských práv v procesu léčby. Funguje např. v Itálii, Velké Británii nebo Španělsku a ve Skandinávii. Pro zavedení tohoto systému jsou nutné počáteční investice a změna přístupu ke vzdělávání odborníků.",Ano,Ne,Ne,Ano,Ano,Ne,-,Ano,Ano,Ano,-,-,Ano,-,Ano,-,Ano,,Ano,Ne,-,Ne,
114,Zákaz glyfosátu,Používání glyfosátu (např. Roundup) by mělo být zakázáno.,"Mezinárodní agentura pro výzkum rakoviny v roce 2015 zařadila glyfosát mezi tzv. pravděpodobné karcinogeny pro člověka. V ČR se plánoval plošný zákaz od roku 2019, ale ministerstvo zemědělství zákaz nakonec podstatně zmírnilo. Výrobce nyní kvůli údajným zdravotním dopadům herbicidu čelí tisícovkám žalob.",Ano,Ano,Ano,Ano,Ano,Ano,Ano,NE,Ano,Ano,Ano,Ne,Ano,Ne,Ano,Ne,Ne,,Ano,Ano,-,Ne,
115,Legislativa pro samořiditelná auta,V ČR by měla v následujícím volební období vzniknout legislativa umožňující používání samořiditelných aut v běžném provozu.,"Samořiditelná (autonomní) auta řídí software, nikoliv člověk. Aktuálně jsou např. testovány samořiditelné autobusy městské dopravy ve Vídni nebo v Berlíně, zatím pod dohledem člověka.",Ne,Ne,Ne,Ano,Ne,Ano,Ano,Ne,-,-,Ano,Ano,Ano,Ne,-,-,Ano,,Ne,Ne,-,Ne,
116,Stop automatickým systémům kontroly,Mělo by se zastavit používání automatických systémů měření rychlosti a následného vybírání pokut od řidičů.,"Např. v Praze jsou ročně pokutovány za překročení povolené rychlosti statisíce lidí pomocí takového de facto automatického systému. Radar s kamerou změří rychlost, umělá inteligence rozpozná z fotografie registrační značku auta, systém pak zašle pokutu. Lidský dohled nad celým procesem je spíše formální. Systém nerozlišuje společenskou nebezpečnost, např. překročení rychlosti v okolí školy nebo naopak mimo obydlenou část obce. Soudy argumentují tím, že nestačí naplnit literu zákona, ale též jeho smysl. Například malým překročením rychlosti u značky obce není naplněna společenská škodlivost.",Ne,Ne,Ne,Ne,Ano,Ne,Ne,Ne,Ne,Ano,Ano,Ano,Ne,-,-,Ano,Ne,,Ano,Ne,Ne,Ano,
117,Zákaz autonomních zbraní,ČR by měla usilovat o mezinárodní zákaz autonomních zbraní.,"Autonomní (samořídící se) zbraň je například ozbrojený dron vybavený umělou inteligencí, který dokáže samostatně vyhledávat a zabíjet lidi dle předem definovaných kritérií. Česká armáda vlastní malé průzkumné drony, které použivají umělou inteligenci k provedení letu, v nejbližších letech plánuje nákup větších dronů pro přenos zbraní. Zastánci poukazují na přesnost a účinnost zbraně a malé ztráty na životech. Podle kritiků vede strojové zabíjení k dehumanizaci bojů.",Ne,Ano,Ano,Ano,-,Ne,Ne,Ano,Ano,Ano,Ano,-,Ano,Ano,Ano,Ne,Ne,,Ano,Ano,-,Ano,
118,Zákaz automatického rozpoznávání obličeje,Používání systémů automatického rozpoznávání obličeje na veřejných místech by mělo být zakázáno.,"Systémy rozpoznávání obličeje pomocí umělé inteligence dokáží mj. sledovat jednotlivé lidi na veřejnosti prostřednictvím kamer. Dnes má takové systémy v ČR zakoupené policie, která usiluje o jejich nasazení.",Ano,Ne,-,Ano,Ano,Ano,Ne,Ano,Ano,Ano,Ne,Ano,Ano,Ano,-,-,Ano,,Ano,Ne,Ano,Ano,